Name,Gender,Age,California School,Major,Race,Ethnicity,"Tell us why you believe you deserve this grant. What experiences, skills, or challenges have shaped you, and how do these make you stand out as a candidate for our support?
(2 Paragraphs, 6 Sentances Each)"
Aria Lennox,Female,21,UC Berkeley,Environmental Science,White,Irish,"I believe I deserve this grant because my passion for environmental science, coupled with my academic journey at UC Berkeley, has driven me to address environmental issues in meaningful ways. Growing up, I was deeply influenced by the natural beauty around me, which ignited my commitment to preserve our planet. My studies have allowed me to develop a strong foundation in ecological research and sustainability, equipping me with skills that I am eager to apply in real-world scenarios. I have also faced financial constraints as I’ve navigated my path in higher education, which has strengthened my determination to succeed. Volunteering with local conservation groups has provided hands-on experience and further inspired my goal to enact positive change. This grant would not only support my education but would enable me to make an impactful contribution to environmental conservation.

My background as an Irish-American woman has also shaped my perspective, especially in fields where women are still underrepresented. I stand out because of my interdisciplinary approach to environmental issues, blending scientific knowledge with a strong sense of community responsibility. I am committed to creating inclusive solutions that involve diverse voices and perspectives in environmental work. This unique combination of passion, skills, and experience would enable me to maximize the grant’s impact, both academically and in my career. With this support, I am confident that I can further develop my skills and contribute to sustainability efforts that reach beyond academia."
Callum Greer,Male,22,UCLA,Computer Science,White,Scottish,"I believe I am a deserving candidate for this grant because of my dedication to computer science and my journey as a student at UCLA. Growing up in a Scottish-American family, I learned the importance of resilience and hard work, values that have guided my academic and personal life. At UCLA, I’ve honed skills in coding, data analysis, and artificial intelligence, all of which I aim to apply toward impactful projects that benefit society. My commitment to tech inclusivity has driven me to volunteer as a mentor for underrepresented students in STEM, where I can inspire others to pursue their passions. This grant would help me continue this mission, enabling me to expand my knowledge and support others through technology.

What sets me apart is my desire to bridge technology and social good. I am constantly searching for ways to apply my skills to solve real-world issues, whether through creating accessible apps or developing data-driven solutions for community organizations. Receiving this grant would not only support my educational journey but also empower me to use my technical skills to contribute to lasting social impact. With this opportunity, I am determined to bring positive change to the tech world by promoting inclusivity, accessibility, and responsible innovation."
Celeste Harrington,Female,19,UC Santa Cruz,Psychology,Hispanic,Mexican,"I am a deserving candidate for this grant because my experiences and studies in psychology at UC Santa Cruz have inspired me to address mental health disparities in underserved communities. Growing up as a Mexican-American, I witnessed firsthand the cultural stigma around mental health, which drove me to pursue a career dedicated to breaking these barriers. My background and education have provided me with a unique perspective on the importance of mental health services, particularly for minority groups who often face cultural and financial obstacles to care. Volunteering with local mental health organizations has equipped me with practical skills and fueled my desire to expand access to mental health resources. This grant would help me achieve my goal of making mental health support more inclusive and accessible.

I stand out as a candidate due to my lived experiences and my commitment to cultural understanding within the mental health field. My academic research focuses on the psychological effects of cultural identity, and I am passionate about making this knowledge applicable in real-life contexts. With this grant, I would be able to further my studies and gain valuable experience, ultimately allowing me to give back to my community by working to destigmatize mental health and improve access to resources. This support would empower me to make a meaningful difference in the field of psychology."
Ezra Sandoval,Male,20,UC Irvine,Mechanical Engineering,Hispanic,Puerto Rican,"I believe I deserve this grant because my dedication to mechanical engineering at UC Irvine and my background as a Puerto Rican student have shaped me into a resilient and innovative thinker. As an engineer, I am driven by the desire to create sustainable solutions that address pressing environmental and community issues. Growing up in a multicultural community taught me the value of diverse perspectives, which I bring into my approach to engineering problems. At UC Irvine, I have gained skills in design, mechanics, and sustainable engineering, preparing me to make a real impact in the industry. This grant would provide me with the support I need to focus on my studies and develop innovative solutions for a sustainable future.

What sets me apart is my commitment to integrating sustainability into every project I undertake, along with a personal understanding of the challenges faced by minority communities. I believe engineers have a responsibility to create positive change, and I am dedicated to advancing sustainable practices, particularly in communities that are often overlooked. With this grant, I would be able to continue my education and work toward engineering solutions that are environmentally conscious and socially inclusive. This support would enable me to make a lasting impact in the field of sustainable engineering."
Mira Voss,Female,23,Stanford University,English Literature,Asian,Japanese,"I am a deserving candidate for this grant because of my passion for literature and my journey as an Asian-American student at Stanford University. Growing up, I found solace and empowerment in stories, which has led me to pursue a degree in English literature with a focus on underrepresented voices. At Stanford, I have developed skills in critical analysis, creative writing, and research, all of which I aim to use to bring marginalized perspectives into the literary world. Volunteering as a literacy tutor for low-income students has deepened my commitment to making literature accessible to all. This grant would enable me to further my studies and support my goal of creating inclusive narratives in literature.

What sets me apart is my drive to use literature as a tool for social change. I believe that stories have the power to foster empathy and understanding, which is why I am committed to amplifying voices that are often unheard. With this grant, I would be able to continue exploring diverse narratives and contribute to a more inclusive literary landscape. This opportunity would allow me to use my skills and passion to bring positive change, fostering a world where everyone’s story has a place on the page."
Lachlan Pierce,Male,21,UC Davis,Political Science,White,German,"I believe I deserve this grant because of my dedication to political science and my journey as a student at UC Davis. Growing up with a German heritage, I developed a strong sense of civic responsibility and a fascination with governance systems that promote justice and equality. My studies have equipped me with skills in critical analysis, policy evaluation, and debate, which I aim to use to address social issues through meaningful policy changes. Volunteering with local government initiatives has allowed me to engage with my community and understand the challenges people face in accessing fair representation. This grant would support my education and enable me to continue my work toward promoting equity and social justice in policy.

What sets me apart is my commitment to using political science as a tool for positive change. I believe that well-informed policies can make a real difference in people’s lives, and I am dedicated to creating and advocating for policies that are inclusive and just. With this grant, I would be able to further my studies and develop the skills necessary to contribute to meaningful changes in government. This support would empower me to work toward a future where everyone has a voice and equal opportunities. I am confident that my dedication to public service and social equity makes me an ideal candidate for this opportunity."
Lyra Callahan,Female,18,UC Riverside,Sociology,Black,African American,"I am a deserving candidate for this grant because of my commitment to sociology and my experiences as an African American student at UC Riverside. Growing up, I witnessed the social challenges faced by minority communities, which inspired me to pursue a career dedicated to understanding and addressing social inequalities. My studies in sociology have given me skills in research, data analysis, and cultural awareness, which I am eager to apply to create positive changes in society. Volunteering with community outreach programs has allowed me to connect with and support others, reinforcing my commitment to social advocacy. This grant would help me continue my education and expand my ability to address systemic issues.

What makes me stand out is my personal experience and my dedication to social justice. I am driven to use my knowledge of sociology to support underserved communities and advocate for meaningful change. With this grant, I would be able to continue my studies and develop the skills needed to contribute to a more equitable society. This opportunity would allow me to deepen my understanding of social structures and work toward breaking down barriers for others. I am confident that my passion for social change and my commitment to my community make me a strong candidate for this support."
Rowan Huxley,Male,22,UC Santa Barbara,Biology,White,English,"I believe I deserve this grant because of my passion for biology and my academic journey at UC Santa Barbara. Growing up with an English heritage, I was inspired by the natural world, leading me to pursue a career in environmental biology. My studies have equipped me with skills in research, ecology, and environmental conservation, which I aim to apply toward preserving ecosystems. Volunteering with environmental organizations has given me hands-on experience in fieldwork and a deeper appreciation for the delicate balance of nature. This grant would enable me to continue my education and contribute to conservation efforts that protect our planet.

What sets me apart is my commitment to addressing environmental challenges with practical solutions. I believe that biological research can play a vital role in preserving biodiversity, and I am determined to make a positive impact in this field. With this grant, I would be able to further my studies and develop the skills necessary to contribute to meaningful conservation projects. This support would empower me to use my knowledge to protect natural habitats and promote sustainable practices. I am confident that my dedication to environmental biology and conservation makes me an ideal candidate for this opportunity."
Tessa Marek,Female,20,USC,Journalism,Asian,Chinese,"I am a deserving candidate for this grant because of my passion for journalism and my journey as a Chinese-American student at USC. Growing up, I became aware of the power of media to shape narratives and inform the public, which inspired me to pursue a career in journalism. My studies have given me skills in writing, research, and multimedia storytelling, which I use to amplify diverse perspectives and shed light on important social issues. Volunteering with local media initiatives has allowed me to engage with my community and tell stories that might otherwise go unheard. This grant would help me continue my education and develop my voice as a journalist dedicated to truth and equity.

What makes me stand out is my commitment to journalism that promotes inclusivity and social awareness. I believe that everyone’s story deserves to be told, and I am dedicated to using my skills to create a more informed and compassionate society. With this grant, I would be able to further my studies and continue telling stories that make a difference. This opportunity would allow me to strengthen my craft and work toward a future where media is a force for positive change. I am confident that my dedication to impactful journalism and my commitment to diverse storytelling make me an ideal candidate for this support."
Jasper Finnigan,Male,19,UC San Diego,Physics,White,Irish,"I believe I deserve this grant because of my dedication to physics and my journey as an Irish-American student at UC San Diego. From a young age, I was fascinated by the laws of nature and how the universe works, which inspired me to pursue a career in physics. My studies have equipped me with skills in problem-solving, mathematical analysis, and experimental research, which I aim to use to contribute to advancements in the field. Volunteering as a science tutor has allowed me to share my passion with others and inspire younger students to pursue STEM careers. This grant would enable me to continue my education and make a positive impact in the scientific community.

What sets me apart is my commitment to advancing our understanding of physics and inspiring others in the process. I believe that scientific research can lead to groundbreaking discoveries that benefit society, and I am determined to make a meaningful contribution to the field. With this grant, I would be able to further my studies and develop the skills necessary to tackle complex scientific challenges. This support would empower me to continue exploring the wonders of physics and sharing that knowledge with others. I am confident that my dedication to scientific discovery and education makes me a strong candidate for this opportunity."
Isla Royston,Female,21,California State University,Nursing,Hispanic,Salvadoran,"I believe I deserve this grant because of my dedication to nursing and my journey as a Salvadoran-American student at California State University. Growing up in a multicultural community, I witnessed the challenges faced by underserved populations in accessing quality healthcare, which inspired me to pursue a career in nursing. My studies have equipped me with skills in patient care, health advocacy, and clinical practice, which I am eager to apply to make a difference in the lives of others. Volunteering at local health clinics has deepened my commitment to healthcare and allowed me to understand the unique needs of my community. This grant would provide the financial support I need to continue my studies and work toward improving healthcare access for all.

What makes me stand out as a candidate is my dedication to compassionate care and my commitment to supporting marginalized communities. I believe that everyone deserves access to quality healthcare, and I am driven to use my skills to bridge healthcare disparities. With this grant, I would be able to further my education and continue making a meaningful impact in nursing. This support would allow me to develop my skills, empower me to advocate for health equity, and help me give back to the community that shaped me. I am confident that my dedication to healthcare and community service makes me an ideal candidate for this opportunity."
Orion Ward,Male,20,UC Merced,History,Black,African American,"I am a deserving candidate for this grant because of my commitment to history and my experiences as an African American student at UC Merced. Growing up, I was inspired by stories of resilience within my own family and community, which motivated me to study history and explore the contributions of marginalized groups. My academic journey has provided me with skills in historical research, analysis, and writing, which I aim to use to bring attention to overlooked narratives. Volunteering with local history museums has allowed me to connect with others and share stories that might otherwise go untold. This grant would support my education and enable me to continue advocating for a more inclusive understanding of history.

What sets me apart is my commitment to preserving and celebrating the diverse histories of all communities. I believe that history is a powerful tool for change, and I am dedicated to highlighting the stories that have shaped our society. With this grant, I would be able to further my studies and work toward a future where history is inclusive and representative. This support would allow me to develop my research skills and create pathways for others to learn from the past. I am confident that my dedication to history and social equity makes me an ideal candidate for this grant."
Nova Carrington,Female,23,UC Berkeley,Chemistry,Asian,Filipino,"I believe I deserve this grant because of my dedication to chemistry and my journey as a Filipino student at UC Berkeley. My fascination with science began in childhood, and I’ve pursued chemistry as a way to understand and contribute to advancements in health and technology. My studies have equipped me with skills in laboratory research, analytical techniques, and scientific communication, all of which I am eager to apply to real-world challenges. Volunteering with science outreach programs has allowed me to share my passion for chemistry and inspire young students from underrepresented backgrounds to pursue STEM careers. This grant would support my goal of continuing my studies and making meaningful contributions in the field of chemistry.

What sets me apart is my commitment to using science for the betterment of society and my drive to inspire others to pursue their passions. I believe that scientific research can lead to innovations that benefit all, and I am determined to make a positive impact through my work in chemistry. With this grant, I would be able to continue my studies and contribute to advancements that address pressing global issues. This support would empower me to use my skills to make a difference in the field and serve as a role model for other aspiring scientists. I am confident that my passion for chemistry and commitment to STEM education make me an ideal candidate for this opportunity."
Theo Kingsley,Male,22,UCLA,Business Administration,White,Italian,"I am a deserving candidate for this grant because of my passion for business administration and my journey as an Italian-American student at UCLA. Growing up, I admired entrepreneurs and leaders who used their skills to create opportunities and make a positive impact, inspiring me to pursue a career in business. My studies have equipped me with skills in strategic planning, financial analysis, and leadership, all of which I aim to use to promote responsible and sustainable business practices. Volunteering with small business development centers has given me hands-on experience and a deeper understanding of the challenges faced by local entrepreneurs. This grant would provide the support I need to continue my education and work toward creating positive change in the business world.

What makes me stand out is my commitment to ethical business practices and my desire to empower others. I believe that businesses have a responsibility to serve their communities and contribute to a sustainable future, and I am dedicated to promoting these values. With this grant, I would be able to further my studies and develop the skills needed to create lasting impact through business. This support would empower me to work toward a career where I can foster ethical growth and support underserved communities. I am confident that my dedication to responsible business and community engagement makes me an ideal candidate for this grant."
Sloane Hastings,Female,21,Stanford University,Economics,White,British,"I believe I deserve this grant because of my commitment to economics and my journey as a British-American student at Stanford University. My interest in economics began with a desire to understand the systems that shape society and find ways to address financial inequities. My studies have provided me with skills in economic analysis, data interpretation, and policy evaluation, which I aim to use to create positive societal impact. Volunteering with economic literacy programs has allowed me to share my knowledge with others and help empower individuals to make informed financial decisions. This grant would support my education and enable me to continue working toward a more equitable economic future.

What sets me apart as a candidate is my commitment to using economics as a tool for social good. I believe that economic knowledge can be used to address disparities and create opportunities for all, and I am determined to make a meaningful contribution in this field. With this grant, I would be able to further my studies and develop the skills needed to create positive change in economic policy and education. This support would empower me to continue advocating for economic literacy and work toward a fairer financial system. I am confident that my dedication to economics and social impact makes me an ideal candidate for this opportunity."
Felix Monroe,Male,19,UC Santa Cruz,Computer Engineering,Hispanic,Cuban,"I believe I deserve this grant because my commitment to computer engineering and my experiences as a Cuban-American student at UC Santa Cruz have shaped me into a dedicated learner. From an early age, I was captivated by technology and its potential to solve complex problems. Through my studies, I have developed skills in programming, data analysis, and hardware design, which I aim to apply to projects that make technology more accessible. Growing up in a culturally rich but underrepresented community taught me the importance of perseverance and resilience, qualities that continue to drive my educational journey. Volunteering with youth STEM programs has allowed me to share my passion with others, inspiring the next generation of engineers. This grant would provide the support I need to continue my studies and work toward bridging technological divides.

What sets me apart is my commitment to using technology as a tool for social good. I am passionate about creating solutions that serve marginalized communities and empower individuals through technology. With this grant, I would be able to further my education and contribute to a future where technology is accessible and inclusive. This opportunity would allow me to deepen my skills and make a meaningful impact in the field of computer engineering. The support from this grant would not only aid my academic pursuits but also enable me to inspire and uplift others through technology."
Faye Winslow,Female,18,UC Davis,Art History,Asian,Korean,"I am a deserving candidate for this grant because of my passion for art history and my experiences as a Korean-American student at UC Davis. Growing up, I was surrounded by rich cultural stories that fostered my interest in preserving and understanding history through art. My studies in art history have equipped me with critical thinking skills, research abilities, and an appreciation for diverse artistic expressions. I am particularly interested in amplifying underrepresented artists and their contributions, a mission that has driven my work both academically and in my community. Volunteering at local museums has given me hands-on experience and reinforced my commitment to cultural preservation. This grant would support my goal of making art and history accessible to broader audiences.

What makes me stand out is my dedication to inclusivity in the art world. I believe that art has the power to bridge cultural gaps and bring people together, and I am committed to sharing that message through my work. With this grant, I would be able to further explore underrepresented voices in art and contribute to a more inclusive understanding of history. This support would empower me to continue my education and ultimately create pathways for others to experience and appreciate diverse art forms. I am confident that my skills, perspective, and passion make me an ideal candidate for this opportunity."
Maddox Varden,Male,21,USC,Film Studies,White,American,"I believe I deserve this grant because of my commitment to film studies and my passion for storytelling as a student at USC. Growing up, I was captivated by films’ ability to communicate complex emotions and narratives, which inspired me to pursue a career in the industry. Through my studies, I have developed skills in cinematography, screenwriting, and editing, which I aim to use to tell stories that resonate with diverse audiences. As a white American, I recognize my privilege and strive to use my platform to amplify marginalized voices and promote inclusivity. Volunteering with local film programs has allowed me to connect with other aspiring filmmakers and share the power of storytelling. This grant would provide the support I need to continue refining my craft and creating impactful films.

What makes me stand out as a candidate is my dedication to using film as a medium for social change. I believe that storytelling can foster empathy and understanding, and I am committed to creating films that highlight important social issues. With this grant, I would be able to further my studies and gain the skills necessary to make a difference in the film industry. This support would enable me to create films that not only entertain but also educate and inspire. I am eager to use my passion and skills to bring about positive change in the world of cinema."
Kaida Morrell,Female,20,UC Irvine,Anthropology,Black,Caribbean,"I am a deserving candidate for this grant because of my dedication to anthropology and my journey as a Caribbean-American student at UC Irvine. Growing up in a culturally rich environment, I became fascinated by the ways in which culture shapes identity and society. My studies in anthropology have equipped me with skills in research, cultural analysis, and critical thinking, which I aim to use to address issues of cultural representation and preservation. Volunteering with local cultural organizations has deepened my understanding of the challenges faced by minority communities, inspiring me to advocate for inclusivity and equity. This grant would provide the financial support I need to continue my education and further my mission of cultural preservation.

What sets me apart as a candidate is my commitment to using anthropology as a tool for social justice. I believe that understanding and preserving diverse cultures is essential for creating a more inclusive society, and I am dedicated to using my skills to promote this cause. With this grant, I would be able to continue my studies and develop the tools necessary to make a meaningful impact in cultural advocacy. This support would allow me to further my research and work toward a future where all cultures are respected and celebrated. I am confident that my passion and perspective make me an ideal candidate for this opportunity."
Ronan Beckett,Male,22,California State University,Marketing,White,Irish,"I believe I deserve this grant because my dedication to marketing and my Irish-American background have shaped me into a determined and innovative student at California State University. Growing up, I developed a fascination with the power of branding and communication to shape perceptions, which led me to pursue a career in marketing. My studies have equipped me with skills in digital marketing, consumer psychology, and branding, which I aim to use to promote meaningful messages and brands. As someone who values authenticity, I strive to bring integrity to every project I work on. Volunteering with small businesses has given me hands-on experience and a deeper appreciation for the role of marketing in supporting local economies. This grant would support my education and allow me to continue building skills that can benefit others.

What sets me apart is my commitment to ethical marketing practices and community engagement. I believe that marketing should not only drive sales but also foster connections and promote positive values. With this grant, I would be able to continue my studies and contribute to a field where integrity and impact go hand in hand. This opportunity would empower me to use my skills to support businesses and initiatives that align with these values. I am eager to make a meaningful impact in the marketing industry by promoting brands that resonate with and uplift communities."